source,file,pages,bytes
telegram_badini_book,10 ڕێکێت بەختەوەریێ .. 443.pdf,67,35443870
telegram_badini_book,34_مزگينى_د_خئرا_دەستنڤێژێ_و_نڤێژێ_دا_468.pdf,30,9461858
telegram_badini_book,ئەوا د ناخێ من دا (بادینی و تورکی).pdf,104,7526208
telegram_badini_book,باغچێ پێزانينا.. 409.pdf,71,21122767
telegram_badini_book,بنەمایێن_جوگرافیا_گشتى_پشکا_ئێکێ_506.PDF,40,8313935
telegram_badini_book,بنەمایێن_دەرونناسیا_گشتی_دەرونی.pdf,308,14275890
telegram_badini_book,بوچى_گیانەوەر_بەرەڤ_نەمانێ_دچن؟_612.pdf,36,8122502
telegram_badini_book,بەهلولێ حەکیم.. 478.pdf,132,16137368
telegram_badini_book,تابوت كورتەچیروک.  681.pdf,70,10974758
telegram_badini_book,تیروژکێت_ئیسلامێ_لسەر_تاریاتیێت_ئیلحادێ_298.pdf,173,32918600
telegram_badini_book,تیورا هەرتشتەکێ ستیڤن هاوکینگ ـــ8.pdf,148,43334460
telegram_badini_book,جیهانا سوفیایێ8_1.pdf,676,112958004
telegram_badini_book,حوکمێ_موسیقێ_و_سترانان_د_شریعەتێ.pdf,41,11618037
telegram_badini_book,حەز ژ ژيانێ بكە.  832.pdf,206,18171166
telegram_badini_book,حەيرانوك. 862.PDF,109,7863181
telegram_badini_book,حەژ ژیانێ بکە.pdf,206,18171166
telegram_badini_book,دا تێگەهشتنا مە باشتر بیت.  471.pdf,54,9674414
telegram_badini_book,دا ھزرێن نە دروست یێت ساخلەمیێ راستڤەکەین.pdf,162,22211128
telegram_badini_book,دانوستاندنەك_لسەر_بيدعا_حەسەنە_467.pdf,24,10813919
telegram_badini_book,دلداری یا رۆژێ.  849.pdf,61,4878607
telegram_badini_book,دووزەخ.. پەيڤ.  782.pdf,105,14982270
telegram_badini_book,ديوانا مەلان.  822.PDF,270,16283091
telegram_badini_book,دەستپـێڪەڪا نــوی 951.pdf,125,31465604
telegram_badini_book,روناهیەک سەر پەروەردا مەدەنی.190.pdf,41,2181836
telegram_badini_book,رەحمەتی_و_لەعنەتی_دکیتابێ_و_سنەتێ.pdf,102,3954805
telegram_badini_book,رەوشت و سونەتێن ژیانێ....275.pdf,70,11119564
telegram_badini_book,رەوشەنبيرى بو ساخلەميێ.  833.pdf,252,7388428
telegram_badini_book,رەڤین ژ خولەکێن زەر .pdf,111,26612452
telegram_badini_book,زنجیرا تەقوا خودێ.  591.pdf,35,6365734
telegram_badini_book,زڤرینەڤە بۆ بەھەشتێ.. 339.pdf,106,24952559
telegram_badini_book,زەڤيا گیانەوەران.pdf,135,23035175
telegram_badini_book,زەڤیا گیانەوەران.pdf,135,23035175
telegram_badini_book,ساخلەمیا تە ل رەمەزانێ..310.pdf,70,6362213
telegram_badini_book,ستى و فەرخ. چيروك. 820.PDF,68,20713397
telegram_badini_book,سوتنگەهـ .. 479.PDF,303,4814098
telegram_badini_book,سيمفونيا سەھمێ.  825.PDF,65,21400897
telegram_badini_book,سينوهێ بەرگێ ئێكێ ..227(1).pdf,478,94970084
telegram_badini_book,سينوهێ بەرگێ ئێكێ ..227.pdf,478,94970084
telegram_badini_book,سینوهێ بەرگێ دووێ..250.pdf,478,101656863
telegram_badini_book,سێرەیا_خەلکێ_بەهدینا_ژ_ئێرشا_میڕێ.PDF,18,5011142
telegram_badini_book,سەرهلدانا_قەهرەمانێ_کورد_سمکۆیێ.pdf,24,6402354
telegram_badini_book,سەرکەفتن د کریارا دا — رێکێن بەختەوەریێ و سەرکەفتنێ د ژیانێ دا.pdf,98,21967134
telegram_badini_book,سەرھاتيێن عيسا پێغەمبەر...295.pdf,74,29962048
telegram_badini_book,شێخ محمودێ حفيد. 900.pdf,65,3221861
telegram_badini_book,شێخ محمودێ حفید ۱۹۱۸-۱۹۳۱.pdf,65,3221861
telegram_badini_book,شەفەكا 25 دەمژمێرى.. 389.pdf,80,3755702
telegram_badini_book,شەڤێن چلەى-چيروك و چيڤانوك.. 350.pdf,196,6011279
telegram_badini_book,عبدالرزاق بدرخان.  598.pdf,81,1264692
telegram_badini_book,فێرببە MATLAB  . 633.pdf,183,9564664
telegram_badini_book,فێربونا زمانێ تركى.  877.pdf,102,11742724
telegram_badini_book,فێرکرنا کوردیێ ب تیپێن لاتینی 371.pdf,155,1810168
telegram_badini_book,فەرهەنگا فەرمانبەرا.  556.pdf,223,12085880
telegram_badini_book,فەرهەنگا کوردی و ئنگلیزی . 440.pdf,174,18773805
telegram_badini_book,قورئان و زانستێ سەردەم دگەل ئێک دگونجن . زاکر نایک .pdf,84,28352245
telegram_badini_book,كورتيەك لسەر روژيگرتنێ.  797.pdf,31,13761209
telegram_badini_book,كورێ من ئەڤە عقيدا تە.pdf,73,12165762
telegram_badini_book,كیە خێزانا من .. 408.pdf,78,37669396
telegram_badini_book,كێمیاگەر.pdf,199,23490388
telegram_badini_book,كەسك و سور. zarok . 604.pdf,58,2405303
telegram_badini_book,مرن د زەنگا ١٢ دا.   586.pdf,184,22305211
telegram_badini_book,مللەتێ_كورد_كليلا_دەرگەھێ_روژھەلاتا_ناڤينە_685.pdf,271,19883513
telegram_badini_book,موسايێ كورێ نەسيرى. 838.pdf,42,3708751
telegram_badini_book,نا تەريب. چيروك.  855.pdf,143,12423707
telegram_badini_book,ناسنامةيين كوزةك.pdf,203,37205959
telegram_badini_book,نامەیەک بوو کچێت زانکویێ.pdf,47,16653894
telegram_badini_book,نان و ژيان، چيروك.  824.PDF,72,7981500
telegram_badini_book,نڤێژ ئارامیا دلانە.. 284.pdf,160,42260368
telegram_badini_book,هونه ری به رسف دانی😍.pdf,104,27952300
telegram_badini_book,هونەرێ گوتاربێژییێ .pdf,129,66406956
telegram_badini_book,هیزار د وەرچەرخانێ دا. 689.pdf,274,13842726
telegram_badini_book,هێزا عەقلێ ڤەشارتی ژیانا من.pdf,282,48749840
telegram_badini_book,هێزا عەقلێ ڤەشارتی.. 345.pdf,282,48749840
telegram_badini_book,ئارامبه.. 415.pdf,162,19761781
telegram_badini_book,ئاغايەكێ وەلات پارێز.  647.pdf,86,17020627
telegram_badini_book,ئنگليزيا خو ب ھێز بێخە.  810.pdf,169,38020266
telegram_badini_book,ئینسايكلوپيديا.. 433.pdf,160,45657761
telegram_badini_book,ئەدولف هێتلەر.  840.pdf,42,3401161
telegram_badini_book,ئەرێنى_و_نەرێنى_د_كەسايەتيا_مروفى_دا_842.pdf,32,1310299
telegram_badini_book,ئەم_چ_بكەین_د_هەیڤا_رەمەزانیدا_880.pdf,30,12677876
telegram_badini_book,ئەنتيخريستوسpdf J.pdf,404,113816622
telegram_badini_book,ئەو مریشکا دڤیای بفریت...324.pdf,210,32286456
telegram_badini_book,ئەو_پـەیڤێـن_د_نـاڤ_بێـدەنگیێ_دا_959.pdf,105,24673218
telegram_badini_book,ئەوا دناخێ من دا.  914.pdf,104,7526208
telegram_badini_book,ئەڤينەكا پايزى.. 387.pdf,53,13667545
telegram_badini_book,ئەڤە ‌ چه‌نده‌؟ zarok . 872.pdf,32,11641713
telegram_badini_book,١٠٠_کاریگەرترین_كەسايەتى_د_دیروکێ_دا_317.pdf,365,65720539
telegram_badini_book,٤+١= شانو نامە .  836.pdf,153,2551897
telegram_badini_book,پاراستنا ئەقلێن بچویک.  826.pdf,29,1937127
telegram_badini_book,پروژێ روژا سپی.184.pdf,32,4465089
telegram_badini_book,پـەیــڤ .  728.pdf,101,62040874
telegram_badini_book,پیرەمێر و دەریا.pdf,104,28322792
telegram_badini_book,پێنجی گوتن ژ دیوانا سعید نورسی. 943.pdf,56,15323585
telegram_badini_book,پێنگافا_ئێكێ_بو_فێربونا_داگرتنێ_705_Grouting.pdf,59,3988561
telegram_badini_book,پەری خان .pdf,98,11288864
telegram_badini_book,پەیامەک_لسەر_دەست_نڤێژ_شيشتن_و_سەر_شيشتن_831.pdf,63,15291788
telegram_badini_book,چـەنــد_پەیڤەک_ژ_دیوانا_جەمال_سورەیای_977.pdf,57,13129682
telegram_badini_book,چل رێسایێن عەشقێ-1.pdf,183,34851145
telegram_badini_book,چیڕوڪا بایەڪێ خەمگین200.pdf,33,6877541
telegram_badini_book,چەند_بابەتێن_ديروكى_د_سترانا_كوردى_دا_704.pdf,196,6884472
telegram_badini_book,ڕێڤینگ..  469.pdf,74,40208831
telegram_badini_book,ڕەجماندنا سورەیایی...302.pdf,231,34665031
telegram_badini_book,ڕەوشتێ دەستویری خاستنێ .  zarok  .. 495.pdf,25,5258587
telegram_badini_book,ڕەوشتێ سلاڤ کرنێ zarok  . 491.pdf,25,4954364
telegram_badini_book,ڕەوشتێ سوپاسیکرنێ.  zarok .. 494.pdf,25,5672590
telegram_badini_book,ڕەوشتێ پێکڤە کارکرنێ. zarok .. 492.pdf,25,5167812
telegram_badini_book,ڕەوشتێ یاریکرنێ.  zarok  . 493.pdf,25,4302806
telegram_badini_book,ژ بەرپەرین کەڤن.189.pdf,111,6002452
telegram_badini_book,ژ ھەلبەستێن ئەحمەدێ خانئ.  649.pdf,96,14679820
telegram_badini_book,ژبــــەر_خــــۆدێ_بـــهــێــلە_939.pdf,95,12439955
telegram_badini_book,ژبەر_پەرێن_كەڤن،سەرھاتيێن_كوردى_516.pdf,111,6002452
telegram_badini_book,ژن ئینان و شیکرن د ئیسلامێ دا200.pdf,149,26055452
telegram_badini_book,ژيان و ڤيان.فلكلور . 829.PDF,224,18545593
telegram_badini_book,ژیانا بێ دوودلی ۲٠۱۷.pdf,112,22577503
telegram_badini_book,ڤارێبوونا حەزان.. 385.PDF,66,11793209
telegram_badini_book,ڤیان د دەمەکێ ژاندار دا.. 480.PDF,279,6598247
telegram_badini_book,ڤێ بەقێ بخوو ..301.pdf,179,24000071
telegram_badini_book,کانیکا پەنداریێ.pdf,63,6946993
telegram_badini_book,کێ پرتا پەنیرێ من بریە ؟6mg سپێنسەر جانسون ۲٠۱۷.pdf,61,6713292
telegram_badini_book,کەسێن بەرنیاس د مێژوویێ دا .  901.pdf,113,4368460
telegram_badini_book,کەلها رەش. رۆمان 1. 967.pdf,125,9287339
telegram_badini_book,گوتنێن خوشتڤی.pdf,32,26185928
telegram_badini_book,گوڤارا نيژەن ھژمارە سێ 2014. 917.pdf,46,243465452
telegram_badini_book,گەریانەک بۆ ناڤ لەشێ مرۆڤێ. 595.pdf,66,14844806
telegram_badini_book,گەشتەک دگەل غاندی _ احمد شقێری۲٠۱۷.pdf,136,25979438
telegram_badini_book,ھزرێن من.  718.pdf,103,12499690
telegram_badini_book,ھێڤى. 557.pdf,81,9018605
telegram_badini_book,یاسایێت مێشکی. 477.pdf,103,6698852
telegram_badini_book,یژەم ێب...كورتە چيروك...323.pdf,64,11223916
telegram_jihana_pertuken_pdf,saxlemya te-li-ramazana piroz.pdf,70,6362213
telegram_jihana_pertuken_pdf,ئارامبه.pdf,162,19761781
telegram_jihana_pertuken_pdf,ئنگلیزیا خو دەولەمەند بکە.pdf,169,38020266
telegram_jihana_pertuken_pdf,ئەرینی_و_نەرینی_د_کەسایەتیا_مروڤی_دا.pdf,32,1310299
telegram_jihana_pertuken_pdf,ئەنتيخريستوس (رومان) (5).pdf,404,60419103
telegram_jihana_pertuken_pdf,ئەنتيخريستوس (رومان).pdf,0,60419103
telegram_jihana_pertuken_pdf,ئەو مریشکا دڤیایى بفڕیت (رومان).pdf,210,32286456
telegram_jihana_pertuken_pdf,ئەوا د ناخێ من دا (بادینی و تورکی).pdf,104,7526208
telegram_jihana_pertuken_pdf,ئەڤینەکا پاییزی(چیروک).pdf,53,13667545
telegram_jihana_pertuken_pdf,باغچێ پێزانينا.pdf,71,21122767
telegram_jihana_pertuken_pdf,بایولوجیا گەردی و خانەی.PDF,171,12943728
telegram_jihana_pertuken_pdf,بایەڪێ خەمگین (چیروک).pdf,33,6877541
telegram_jihana_pertuken_pdf,بنەمایێن_جوگرفیا_گشتی_و_جوگرافیا_کوردستانی.pdf,40,8313935
telegram_jihana_pertuken_pdf,بنەمایێن_دەرونناسیا_گشتی_دەرونی.pdf,308,14275890
telegram_jihana_pertuken_pdf,بوچى گیانەوەر بەرەڤ نەمانێ دچن؟.pdf,36,8122502
telegram_jihana_pertuken_pdf,تیروژکێت_ئیسلامێ_لسەر_تاریاتیێت_ئیلحادێ.pdf,173,32918600
telegram_jihana_pertuken_pdf,تیورا هەرتشتەکێ.pdf,148,43334460
telegram_jihana_pertuken_pdf,جیهانا سوفیایێ.pdf,0,112958004
telegram_jihana_pertuken_pdf,حـــــەیـــــرانـــــۆ‌ك.pdf,109,7863181
telegram_jihana_pertuken_pdf,حوكمى موسيقئ.pdf,41,11618037
telegram_jihana_pertuken_pdf,حەز ژ ژیانێ بکە.pdf,155,18650144
telegram_jihana_pertuken_pdf,حەژ ژیانێ بکە.pdf,206,18171166
telegram_jihana_pertuken_pdf,خوشترین_سه‌رهاتیین_به‌هلولی_حه‌کیم.pdf,132,16137368
telegram_jihana_pertuken_pdf,دا تێگەهشتنا مە باشتر بیت.pdf,54,9674414
telegram_jihana_pertuken_pdf,دا_ھزرێن_نە_دروست_یێت_ساخلەمیێ_راستڤەکەین.pdf,162,22211128
telegram_jihana_pertuken_pdf,ده‌ستخه‌ته‌ک_ل_ئه‌کرا_هات_دیتن_رومان.pdf,128,54638613
telegram_jihana_pertuken_pdf,دووزەخ ( پــــــــــەیڤ).pdf,105,14695137
telegram_jihana_pertuken_pdf,دۆڤەیا سەرمۆر.pdf,0,200665289
telegram_jihana_pertuken_pdf,رەحمەتی_و_لەعنەتی_دکیتابێ_و_سونەتێ_دا.pdf,102,3954805
telegram_jihana_pertuken_pdf,رەوشت و سونەتێن ژیانێ.pdf,70,11119564
telegram_jihana_pertuken_pdf,رەوشەنبیری بو ساخلەمیێ.pdf,252,7388428
telegram_jihana_pertuken_pdf,رەوشەنبیریا ساخلەمیێ.pdf,204,37971088
telegram_jihana_pertuken_pdf,رەڤین ژ خولەکێن زەر (رومان).pdf,0,26612452
telegram_jihana_pertuken_pdf,زنجیرا (تەقوا خودێ).pdf,35,6365734
telegram_jihana_pertuken_pdf,زڤرینەڤە بۆ بەھەشتێ.pdf,106,24952559
telegram_jihana_pertuken_pdf,زەڤیا گیانەوەران (رومان).pdf,135,23035175
telegram_jihana_pertuken_pdf,ساخله‌میا_ته_د_هه‌یفا_ره‌مه‌زانا_پیروز_دا.pdf,70,6362213
telegram_jihana_pertuken_pdf,سينوهێ بەرگێ ئێکێ.pdf,478,94970084
telegram_jihana_pertuken_pdf,سۆتنگەهـ (رومان).pdf,303,4814098
telegram_jihana_pertuken_pdf,سیر و پیڤاز و گندور و ماش (چیروک).pdf,24,9466834
telegram_jihana_pertuken_pdf,سینوهێ بەرگێ دووێ.pdf,478,101656863
telegram_jihana_pertuken_pdf,سێرەیا_خەلکێ_بەهدینا_ژ_ئێرشا_میڕێ_کورە.PDF,18,5011142
telegram_jihana_pertuken_pdf,سێکس د چارچوڤەکێ رەۆشەنبیری دا.pdf,180,31718465
telegram_jihana_pertuken_pdf,سەرکەفتن د کریاراندا.pdf,98,21967134
telegram_jihana_pertuken_pdf,شه‌فه‌کا ٢٥ ده‌مژمیری.pdf,80,3755702
telegram_jihana_pertuken_pdf,شه‌فین_چله‌یی_چیروک_وچیفانوکین_کوردی.pdf,196,6011279
telegram_jihana_pertuken_pdf,شۆرەشا ئەیلوولێ ( دیتن و بۆچوون).pdf,162,18489005
telegram_jihana_pertuken_pdf,شێخ محمودێ حفید ۱۹۱۸-۱۹۳۱.pdf,65,3221861
telegram_jihana_pertuken_pdf,عەبدولڕەزاق_بەدرخان_١٨٦٤_١٩١٨_ژیان،تیکەلیێن_سیاسی،خەباتا_چاندی_1.pdf,81,1264692
telegram_jihana_pertuken_pdf,فیربونا زمانی عه ره بی.pdf,193,2287485
telegram_jihana_pertuken_pdf,فێربونا زمانێ توركى.pdf,153,2482743
telegram_jihana_pertuken_pdf,فێربە MATLABی.pdf,183,9564664
telegram_jihana_pertuken_pdf,فێرکرنا کوردێ ب تیپێن لاتینی.pdf,155,1810168
telegram_jihana_pertuken_pdf,فەرهەنگا فەرمانبەران.pdf,223,12085880
telegram_jihana_pertuken_pdf,فەرهەنگا_کوردی_و_ئینگلیزی_یا_زارافی_کورمانجی.pdf,174,18773805
telegram_jihana_pertuken_pdf,قاموسا_سەلاحەدین_ئینگلیزی_ـ_کوردی.pdf,1193,34999645
telegram_jihana_pertuken_pdf,قورئان و زانستێ سەردەم.pdf,84,28352245
telegram_jihana_pertuken_pdf,كیە خێزانا من!ْ(رومان).pdf,78,37669396
telegram_jihana_pertuken_pdf,كێمیاگەر (رومان).pdf,0,23490388
telegram_jihana_pertuken_pdf,مرن د زەنگا ١٢ێ دا(رۆمان).pdf,184,22305211
telegram_jihana_pertuken_pdf,مللەتێ_کورد_کلیلا_دەرگەهێ_روژهەلاتا_نافینە_‌‌pdf.pdf,271,19883513
telegram_jihana_pertuken_pdf,ناتەريب (چيروک).pdf,143,12423707
telegram_jihana_pertuken_pdf,ناسنامەیێن کوژەك.pdf,0,37205959
telegram_jihana_pertuken_pdf,نامەیەك بو کچێت زانکوێ.pdf,47,16653894
telegram_jihana_pertuken_pdf,نان و ژیان (چیروک).pdf,72,71046807
telegram_jihana_pertuken_pdf,نڤێژ ئارامیا دلانە.pdf,160,42260368
telegram_jihana_pertuken_pdf,هزرین گه‌نجه‌کی.pdf,124,17081487
telegram_jihana_pertuken_pdf,هـــــــزرێن مـــــــن.pdf,103,12499690
telegram_jihana_pertuken_pdf,هونەرێ بەرسڤدانێ.pdf,104,27952300
telegram_jihana_pertuken_pdf,هونەرێ گوتاربێژییێ.pdf,129,66406956
telegram_jihana_pertuken_pdf,هیزار د وەرچەرخانادا (رۆمان).pdf,274,13842726
telegram_jihana_pertuken_pdf,هیفیا ماسیێ.pdf,42,5080467
telegram_jihana_pertuken_pdf,هێزا ئەقلێ ڤەشارتی.pdf,282,48749840
telegram_jihana_pertuken_pdf,هێڤی.pdf,81,9018605
telegram_jihana_pertuken_pdf,وانێن گرنگ بۆ ئوممەتێ ب گشتی.pdf,0,44383255
telegram_jihana_pertuken_pdf,ئەدولف هێتلەر.pdf,42,3401161
telegram_jihana_pertuken_pdf,ئەم چ بكەین دهەیڤا رەمەزانیدا.pdf,30,12677876
telegram_jihana_pertuken_pdf,١٠ ڕێکێن بەختەوەریێ.pdf,67,35443870
telegram_jihana_pertuken_pdf,١٠ کلیلێن سەرکەفتنێ.pdf,126,49746467
telegram_jihana_pertuken_pdf,١٠٠_کاریگەرترین_که‌سایه‌تی_د_دیروکێ_دا.pdf,365,65720539
telegram_jihana_pertuken_pdf,١٢٠_حەدیسێن_خۆشتڤی_یێن_تۆ_هەردەم_پێدڤی.pdf,124,161016483
telegram_jihana_pertuken_pdf,٣٠ گۆتنێن خوشتڤی.pdf,32,26185928
telegram_jihana_pertuken_pdf,٣٤_مزگينى_د_خیرا_دەستنڤێژێ_و_نڤێژێدا.pdf,30,9461858
telegram_jihana_pertuken_pdf,٤-١= شانۆنامە.pdf,153,2551897
telegram_jihana_pertuken_pdf,٤٤_سه_رهاتی_عیسا_پیغه_مبه_ری_سلاف_لی_بن.pdf,74,29962048
telegram_jihana_pertuken_pdf,پاراستنا_ئەقلێن_بچویک_ژ_٦_۱۰_سالییێ.pdf,29,1937127
telegram_jihana_pertuken_pdf,پیرەمێر و دەریا (رومان).pdf,104,28322792
telegram_jihana_pertuken_pdf,پێنگاڤا_ئیکێ_بو_فێربوونا_داگرتنا_Groutingی_ل_پروژێن_بەنداڤا.pdf,59,3988561
telegram_jihana_pertuken_pdf,پەری خان(رومان).pdf,98,11288864
telegram_jihana_pertuken_pdf,چل رێسایێن عەشقێ (رومان).pdf,0,34851145
telegram_jihana_pertuken_pdf,چەند_بابەتێن_دیرۆکی_د_سترانا_دیرۆکی_یا_کوردی_دا.pdf,196,6884472
telegram_jihana_pertuken_pdf,ڕێڤینگ_ژ_گوتارێن_شیخ_محمد_العریفی.pdf,74,40208831
telegram_jihana_pertuken_pdf,ڕەجماندنا سورەیایی (رومان).pdf,231,34665031
telegram_jihana_pertuken_pdf,ڕەوشتێ دەستویری خاستنێ.pdf,25,5258587
telegram_jihana_pertuken_pdf,ڕەوشتێ سلاڤکرنێ.pdf,25,4954364
telegram_jihana_pertuken_pdf,ڕەوشتێ سوپاسیکرنێ.pdf,25,5672590
telegram_jihana_pertuken_pdf,ڕەوشتێ پێکڤە کارکرنێ.pdf,25,5167812
telegram_jihana_pertuken_pdf,ڕەوشتێ یاریکرنێ.pdf,25,4302806
telegram_jihana_pertuken_pdf,ژ بەرپەرین کەڤن سه‌رهاتین کوردی.pdf,111,6002452
telegram_jihana_pertuken_pdf,ژ پەرتوکان.pdf,132,45319600
telegram_jihana_pertuken_pdf,ژن ئینان و شیکرن د ئیسلامێ دا.pdf,149,26055452
telegram_jihana_pertuken_pdf,ژيان و ڤيان (فلكلور).pdf,224,18545593
telegram_jihana_pertuken_pdf,ژیانا بێ دوودلی.pdf,112,22577503
telegram_jihana_pertuken_pdf,ڤارێبوونا حەزان (کورته چیروک).pdf,66,11793209
telegram_jihana_pertuken_pdf,ڤیان د دەمەکێ ژاندار دا ( رومان).pdf.PDF,279,6598247
telegram_jihana_pertuken_pdf,ڤێ بەقێ بخو !.pdf,179,24000071
telegram_jihana_pertuken_pdf,کانیکا پەنداریێ.pdf,63,6946993
telegram_jihana_pertuken_pdf,کورتیە‌ك لسەر رۆژیگرتنێ.pdf,31,13761209
telegram_jihana_pertuken_pdf,کورتە_چیرۆکا_کوردی_ل_دەڤەرا_بەهدینان_١٩٦٠_٢٠٠٥.pdf,0,1690061
telegram_jihana_pertuken_pdf,کێ پرتا پەنیرێ من بریە ؟.pdf,61,6713292
telegram_jihana_pertuken_pdf,کەسێن بەرنیاس د مێژووێ دا.pdf,113,4368460
telegram_jihana_pertuken_pdf,گەریانەک بۆ ناڤ لەشێ مرۆڤێ.pdf,66,14844806
telegram_jihana_pertuken_pdf,گەشتا من دگەل غاندی.pdf,136,25979438
telegram_jihana_pertuken_pdf,یاداشتێن گوهدرێژەکى.pdf,126,21941629
telegram_jihana_pertuken_pdf,یاسایێت مێشکی.pdf,103,6698852
telegram_jihana_pertuken_pdf,یژه_م یب (چیروک).pdf,64,11223916
telegram_pertok_badini,2_5379656587910580768.pdf,183,9564664
telegram_pertok_badini,2_5386760042911368647.pdf,98,21967134
telegram_pertok_badini,2_5402274057490007045.pdf,676,112958004
telegram_pertok_badini,ابق قويا 365 يوما في السنه .pdf,370,19110860
telegram_pertok_badini,باغچێ پێزانينا 15.pdf,71,21122767
telegram_pertok_badini,بەهلولێ حەکیم 3.pdf,132,16137368
telegram_pertok_badini,تابوت كورتەچیروک.pdf,70,10974758
telegram_pertok_badini,جيروك.pdf,59,12918907
telegram_pertok_badini,جیهانا سوفیایێ8_1.pdf,676,112958004
telegram_pertok_badini,حەژ ژیانێ بکە.pdf,206,18171166
telegram_pertok_badini,د_ئیبراهیم_فقی۱٠_کلیلێت_سەرکەفتنێ.pdf,126,49746467
telegram_pertok_badini,دا تێگەهشتنا مە باشتر بیت.pdf,54,9674414
telegram_pertok_badini,سوتنگەهـ رومان.pdf,303,4814098
telegram_pertok_badini,سينوهێ بەرگێ ئێكێ 227.pdf,478,94970084
telegram_pertok_badini,سەرکەفتن_د_کریارا_دا_رێکێن_بەختەوەریێ_و_سەرکەفتنێ_د_ژیانێ_دا.pdf,98,21967134
telegram_pertok_badini,شەفەكا 25 دەمژمێرى 16.pdf,80,3755702
telegram_pertok_badini,فێربونا زمانێ انگلیزیێ.pdf,277,6234959
telegram_pertok_badini,قارەمانێ من. چيروك.  555.pdf,59,12918907
telegram_pertok_badini,قورئان_و_زانستێ_سەردەم_دگەل_ئێک_دگونجن_زاکر_نایک_.pdf,84,28352245
telegram_pertok_badini,كیە خێزانا من 8.pdf,78,37669396
telegram_pertok_badini,هزار رۆژێن گەشرۆمان.pdf,468,86041102
telegram_pertok_badini,هونەری گوێپێنەدان مارک مانسون .pdf,293,75569390
telegram_pertok_badini,هونەرێ بەرسڤدانێ.pdf,104,27952300
telegram_pertok_badini,هێزا عەقلێ ڤەشارتی ژیانا من.pdf,282,48749840
telegram_pertok_badini,ئارامبه 6.pdf,162,19761781
telegram_pertok_badini,ئه و مريشكا دڤيايي بفريت.pdf,210,32286456
telegram_pertok_badini,ئەنتيخريستوس باھدینیpdf J.pdf,404,60419103
telegram_pertok_badini,١٠٠_کاریگەرترین_كەسايەتى_د_دیروکێ_دا_317.pdf,365,65720539
telegram_pertok_badini,پـەیــڤ.pdf,101,62040874
telegram_pertok_badini,پیرەمێر و دەریا.pdf,104,28322792
telegram_pertok_badini,پەرتووك.pdf,36,10434156
telegram_pertok_badini,پەری خانرومان.pdf,98,11288864
telegram_pertok_badini,چارەسەریاخوبکە.pdf,16,4404066
telegram_pertok_badini,ڕێڤینگ_کومەکا_گوتارێت_محمد_عرێفی.pdf,74,40208831
telegram_pertok_badini,ڕەجماندنا سورەیایی302.pdf,231,34665031
telegram_pertok_badini,کانیکا پەنداریێ.pdf,63,6946993
telegram_pertok_badini,کێ_پرتا_پەنیرێ_من_بریە_؟6mg_سپێنسەر_جانسون_۲٠۱۷.pdf,61,6713292
telegram_pertok_badini,کەلها رەش رۆمان-compressed.pdf,125,9287338
telegram_pertok_badini,گەشتەک_دگەل_غاندی_احمد_شقێری۲٠۱۷.pdf,136,25979438
telegram_pertok_badini,ھزرێن من.  718.pdf,103,12499690
telegram_pertok_badini,ھزرێن من..pdf,103,12499690
telegram_pertok_badini,یاسایێت مێشکی 5.pdf,103,6698852
