url,status,depth,content_type,title
https://spirez.org/,200,0,text/html,ده‌زگه‌ها سپیرێز یا چاپ و وه‌شانێ
https://spirez.org/2002.html,200,2,text/html,په‌تووکێن هاتینه‌ چاپکرن ل سالا 2002
https://spirez.org/2003.html,200,2,text/html,په‌تووکێن هاتینه‌ چاپکرن ل سالا 2003
https://spirez.org/2004.html,200,2,text/html,په‌تووکێن هاتینه‌ چاپکرن ل سالا 2004
https://spirez.org/2005.html,200,2,text/html,په‌تووکێن هاتینه‌ چاپکرن ل سالا 2005
https://spirez.org/2006.html,200,2,text/html,په‌تووکێن هاتینه‌ چاپکرن ل سالا 2006
https://spirez.org/2007.html,200,2,text/html,په‌تووکێن هاتینه‌ چاپکرن ل سالا 2007
https://spirez.org/2008.html,200,2,text/html,په‌رتۆکێن گشتی
https://spirez.org/2009.html,200,2,text/html,په‌رتۆکێن هاتینه‌ چاپکرن ل سالا 2009
https://spirez.org/2010.html,200,2,text/html,په‌رتۆکێن هاتینه‌ چاپکرن ل سالا 2010
https://spirez.org/2011.html,200,2,text/html,په‌رتۆکێن گشتی
https://spirez.org/2012.html,200,2,text/html,پهرتۆکێن هاتینه چاپکرن ل سالا 2012 ل دهزگه‌ها مه
https://spirez.org/2013.html,200,2,text/html,پهرتۆکێن هاتینه چاپکرن ل سالا 2012 ل دهزگه‌ها مه
https://spirez.org/2015.html,200,2,text/html,پهرتۆکێن هاتینه چاپکرن ل سالا 2012 ل دهزگه‌ها مه
https://spirez.org/2016.htm,200,2,text/html,???????? ?????? ?????? ? ???? 2016 ? ???????? ??
https://spirez.org/2017.htm,200,2,text/html,پهرتۆکێن هاتینه چاپکرن ل سالا 2016 ل دهزگه‌ها مه
https://spirez.org/2018.htm,200,2,text/html,پهرتۆکێن هاتینه چاپکرن ل سالا 2016 ل دهزگه‌ها مه
https://spirez.org/2019.htm,200,2,text/html,پهرتۆکێن هاتینه چاپکرن ل سالا 2016 ل دهزگه‌ها مه
https://spirez.org/2020.htm,200,2,text/html,پهرتۆکێن هاتینه چاپکرن ل سالا 2016 ل دهزگه‌ها مه
https://spirez.org/2021.htm,200,2,text/html,پهرتۆکێن هاتینه چاپکرن ل سالا 2016 ل دهزگه‌ها مه
https://spirez.org/2022.html,200,2,text/html,پهرتۆکێن هاتینه چاپکرن ل سالا 2016 ل دهزگه‌ها مه
https://spirez.org/2023.html,200,2,text/html,پهرتۆکێن هاتینه چاپکرن ل سالا 2016 ل دهزگه‌ها مه
https://spirez.org/2024.html,200,2,text/html,پهرتۆکێن هاتینه چاپکرن ل سالا 2024 ل دهزگهها مه
https://spirez.org/2025.html,200,2,text/html,پهرتۆکێن هاتینه چاپکرن ل سالا 2024 ل دهزگهها مه
https://spirez.org/2026.html,200,2,text/html,پهرتۆکێن هاتینه چاپکرن ل سالا 2024 ل دهزگهها مه
https://spirez.org/about.html,200,1,text/html,ده‌رباره‌ی مه‌
https://spirez.org/afaq.html,200,2,text/html,Untitled Document
https://spirez.org/afaq/a1.html,200,2,text/html,مجلة آفاق سبيريز
https://spirez.org/afaq/a2.html,200,2,text/html,مجلة آفاق سبيريز
https://spirez.org/afaq/a3.html,200,2,text/html,مجلة آفاق سبيريز
https://spirez.org/afaq/a4.html,200,2,text/html,مجلة آفاق سبيريز
https://spirez.org/afaq/a5.html,200,2,text/html,په‌تووکێن هاتینه‌ چاپکرن ل سالا 2002
https://spirez.org/ciwan.html,200,2,text/html,کۆڤارا جوان
https://spirez.org/ciwan/c1.html,200,2,text/html,کۆڤارا جوان
https://spirez.org/ciwan/c2.html,200,2,text/html,کۆڤارا جوان
https://spirez.org/ciwan/c3.html,200,2,text/html,کۆڤارا جوان
https://spirez.org/ciwan/c4.html,200,2,text/html,کۆڤارا جوان
https://spirez.org/ciwan/c5.html,200,2,text/html,کۆڤارا جوان
https://spirez.org/ershif.html,200,1,text/html,ئه‌رشیڤێ ده‌زگه‌هێ مه‌
https://spirez.org/ershif/2004/zarok2004.html,200,2,text/html,پرۆژێ هزار په‌رتۆک بۆ زارۆکان
https://spirez.org/ershif/2005/zarok2005.html,200,2,text/html,پرۆژێ هزار په‌رتۆک بۆ زارۆکان
https://spirez.org/ershif/2006/zarok2006.html,200,2,text/html,پرۆژێ هزار په‌رتۆک بۆ زارۆکان
https://spirez.org/ershif/2007/zarok2007.html,200,2,text/html,پرۆژێ هزار په‌رتۆک بۆ زارۆکان
https://spirez.org/ershif/2008/zarok2008.html,200,2,text/html,پرۆژێ هزار په‌رتۆک بۆ زارۆکان
https://spirez.org/ershif/2009/zarok2009.html,200,2,text/html,پرۆژێ هزار په‌رتۆک بۆ زارۆکان
https://spirez.org/ershif/2010/zarok2010.html,200,2,text/html,پرۆژێ هزار په‌رتۆک بۆ زارۆکان
https://spirez.org/ershif/2011/zarok2011.html,404,2,text/html,
https://spirez.org/gshti.html,200,1,text/html,پهرتۆکێن هاتینه چاپکرن ل سالا 2024 ل دهزگهها مه
https://spirez.org/helin.html,200,2,text/html,کۆڤارا هێلین
https://spirez.org/helin/h1.html,200,2,text/html,کۆڤارا هێلین
https://spirez.org/helin/h2.html,200,2,text/html,کۆڤارا هێلین
https://spirez.org/helin/h3.html,200,2,text/html,کۆڤارا هێلین
https://spirez.org/helin/h4.html,200,2,text/html,کۆڤارا هێلین
https://spirez.org/helin/h5.html,200,2,text/html,کۆڤارا هێلین
https://spirez.org/helin/h6.html,200,2,text/html,کۆڤارا هێلین
https://spirez.org/iframe.html,200,1,text/html,مال
https://spirez.org/kepir.html,200,2,text/html,کۆڤارا که‌پر
https://spirez.org/kepirb/k1.html,200,3,text/html,که‌پر
https://spirez.org/kepirb/k10.html,200,3,text/html,که‌پر
https://spirez.org/kepirb/k11.html,200,3,text/html,که‌پر
https://spirez.org/kepirb/k12.html,200,3,text/html,که‌پر
https://spirez.org/kepirb/k13.html,200,3,text/html,که‌پر
https://spirez.org/kepirb/k14.html,200,3,text/html,که‌پر
https://spirez.org/kepirb/k15.html,200,3,text/html,که‌پر
https://spirez.org/kepirb/k16.html,200,3,text/html,که‌پر
https://spirez.org/kepirb/k17.html,200,3,text/html,که‌پر
https://spirez.org/kepirb/k18.html,200,3,text/html,که‌پر
https://spirez.org/kepirb/k19.html,200,3,text/html,که‌پر
https://spirez.org/kepirb/k2.html,200,3,text/html,که‌پر
https://spirez.org/kepirb/k20.html,200,3,text/html,که‌پر
https://spirez.org/kepirb/k21.html,200,3,text/html,که‌پر
https://spirez.org/kepirb/k22.html,200,3,text/html,که‌پر
https://spirez.org/kepirb/k23.html,200,3,text/html,که‌پر
https://spirez.org/kepirb/k24.html,200,3,text/html,که‌پر
https://spirez.org/kepirb/k25.html,200,3,text/html,که‌پر
https://spirez.org/kepirb/k26.html,200,3,text/html,که‌پر
https://spirez.org/kepirb/k27.html,200,3,text/html,که‌پر
https://spirez.org/kepirb/k28.html,200,3,text/html,که‌پر
https://spirez.org/kepirb/k29.html,200,3,text/html,که‌پر
https://spirez.org/kepirb/k3.html,200,3,text/html,که‌پر
https://spirez.org/kepirb/k30.html,200,3,text/html,که‌پر
https://spirez.org/kepirb/k31.html,200,3,text/html,که‌پر
https://spirez.org/kepirb/k32.html,200,3,text/html,که‌پر
https://spirez.org/kepirb/k33.html,200,3,text/html,که‌پر
https://spirez.org/kepirb/k34.html,200,3,text/html,که‌پر
https://spirez.org/kepirb/k35.html,200,3,text/html,که‌پر
https://spirez.org/kepirb/k36.html,200,3,text/html,که‌پر
https://spirez.org/kepirb/k37.html,200,3,text/html,که‌پر
https://spirez.org/kepirb/k38.html,404,3,text/html,
https://spirez.org/kepirb/k39.html,200,3,text/html,که‌پر
https://spirez.org/kepirb/k4.html,200,3,text/html,که‌پر
https://spirez.org/kepirb/k40.html,200,3,text/html,که‌پر
https://spirez.org/kepirb/k41.html,200,3,text/html,که‌پر
https://spirez.org/kepirb/k42.html,200,3,text/html,که‌پر
https://spirez.org/kepirb/k43.html,200,3,text/html,که‌پر
https://spirez.org/kepirb/k44.html,200,3,text/html,که‌پر
https://spirez.org/kepirb/k45.html,200,3,text/html,که‌پر
https://spirez.org/kepirb/k46.html,200,3,text/html,که‌پر
https://spirez.org/kepirb/k47.html,200,3,text/html,که‌پر
https://spirez.org/kepirb/k48.html,200,3,text/html,که‌پر
https://spirez.org/kepirb/k49.html,200,3,text/html,که‌پر
https://spirez.org/kepirb/k5.html,200,3,text/html,که‌پر
https://spirez.org/kepirb/k50.html,200,3,text/html,که‌پر
https://spirez.org/kepirb/k51.html,200,3,text/html,که‌پر
https://spirez.org/kepirb/k52.html,200,3,text/html,که‌پر
https://spirez.org/kepirb/k53.html,200,3,text/html,که‌پر
https://spirez.org/kepirb/k54.html,200,3,text/html,که‌پر
https://spirez.org/kepirb/k55.html,200,3,text/html,که‌پر
https://spirez.org/kepirb/k56.html,200,3,text/html,که‌پر
https://spirez.org/kepirb/k57.html,200,3,text/html,که‌پر
https://spirez.org/kepirb/k58.html,200,3,text/html,که‌پر
https://spirez.org/kepirb/k59.html,200,3,text/html,که‌پر
https://spirez.org/kepirb/k6.html,200,3,text/html,که‌پر
https://spirez.org/kepirb/k60.html,200,3,text/html,که‌پر
https://spirez.org/kepirb/k61.html,200,3,text/html,که‌پر
https://spirez.org/kepirb/k62.html,200,3,text/html,که‌پر
https://spirez.org/kepirb/k63.html,200,3,text/html,که‌پر
https://spirez.org/kepirb/k64.html,200,3,text/html,که‌پر
https://spirez.org/kepirb/k65.html,200,3,text/html,که‌پر
https://spirez.org/kepirb/k66.html,200,3,text/html,که‌پر
https://spirez.org/kepirb/k67.html,200,3,text/html,که‌پر
https://spirez.org/kepirb/k68.html,200,3,text/html,که‌پر
https://spirez.org/kepirb/k7.html,200,3,text/html,که‌پر
https://spirez.org/kepirb/k70.html,200,3,text/html,که‌پر
https://spirez.org/kepirb/k71.html,200,3,text/html,که‌پر
https://spirez.org/kepirb/k72.html,200,3,text/html,که‌پر
https://spirez.org/kepirb/k73.html,200,3,text/html,که‌پر
https://spirez.org/kepirb/k74.html,200,3,text/html,که‌پر
https://spirez.org/kepirb/k75.html,200,3,text/html,که‌پر
https://spirez.org/kepirb/k8.html,200,3,text/html,که‌پر
https://spirez.org/kepirb/k9.html,200,3,text/html,که‌پر
https://spirez.org/kepirla/kla1.html,200,3,text/html,که‌پر
https://spirez.org/kepirla/kla43.html,200,3,text/html,که‌پر
https://spirez.org/kepirla/kla44.html,200,3,text/html,که‌پر
https://spirez.org/kepirla/kla45.html,200,3,text/html,که‌پر
https://spirez.org/kepirlatini.html,200,2,text/html,Kovara Kepir
https://spirez.org/kepirso/s1.html,200,3,text/html,که‌پر
https://spirez.org/kepirso/s2.html,200,3,text/html,که‌پر
https://spirez.org/kepirso/s3.html,200,3,text/html,که‌پر
https://spirez.org/kepirso/s4.html,200,3,text/html,که‌پر
https://spirez.org/kepirso/s5.html,200,3,text/html,که‌پر
https://spirez.org/kepirso/s6.html,200,3,text/html,که‌پر
https://spirez.org/kepirsorani.html,200,2,text/html,کۆڤاری که‌پر
https://spirez.org/kovar.html,200,1,text/html,کۆڤارێن هاتینه‌ وه‌شاندن ل ده‌زگه‌ها مه‌
https://spirez.org/peiwendi.html,200,1,text/html,په‌یوه‌ندی ب مه‌
https://spirez.org/poetica.html,200,2,text/html,کۆڤارا پرێز
https://spirez.org/poetica/poe01.html,200,2,text/html,مجلة آفاق سبيريز
https://spirez.org/poetica/poe02.html,200,2,text/html,مجلة آفاق سبيريز
https://spirez.org/poetica/poe03.html,200,2,text/html,مجلة آفاق سبيريز
https://spirez.org/poetica/poe04.html,200,2,text/html,مجلة آفاق سبيريز
https://spirez.org/poetica/poe05.html,200,2,text/html,مجلة آفاق سبيريز
https://spirez.org/poetica/poe06-07.html,200,2,text/html,مجلة آفاق سبيريز
https://spirez.org/poetica/poe08.html,200,2,text/html,مجلة آفاق سبيريز
https://spirez.org/poetica/poe09-10.html,200,2,text/html,مجلة آفاق سبيريز
https://spirez.org/poetica/poe11.html,200,2,text/html,مجلة آفاق سبيريز
https://spirez.org/poetica/poe12.html,200,2,text/html,مجلة آفاق سبيريز
https://spirez.org/poetica/poe13.html,200,2,text/html,مجلة آفاق سبيريز
https://spirez.org/prez.html,200,2,text/html,کۆڤارا پرێز
https://spirez.org/prez/p1.html,200,2,text/html,مجلة آفاق سبيريز
https://spirez.org/rengiz/r1.html,200,2,text/html,کۆڤارا ره‌نگز
https://spirez.org/rengiz/r2.html,200,2,text/html,کۆڤارا ره‌نگز
https://spirez.org/rengz.html,200,2,text/html,کۆڤارا ره‌نگز
https://spirez.org/zarok.html,200,1,text/html,پرۆژێ هزار په‌رتۆک بۆ زارۆکان
